State,Crop,Crop Season,Year,Yield (kg/hectare)
West Bengal,Rice,Kharif,2021-2022,2996
Uttar Pradesh,Rice,Kharif,2021-2022,2679
Punjab,Rice,Kharif,2021-2022,4340
Odisha,Rice,Kharif,2021-2022,2318
Tamilnadu,Rice,Kharif,2021-2022,3658
Chhattisgarh,Rice,Kharif,2021-2022,2101
Andhra Pradesh,Rice,Kharif,2021-2022,3470
Bihar,Rice,Kharif,2021-2022,2282
Assam,Rice,Kharif,2021-2022,2236
Uttar Pradesh,Wheat,Rabi,2021-2022,3604
Madhya Pradesh,Wheat,Rabi,2021-2022,3449
Punjab,Wheat,Rabi,2021-2022,4206
Haryana,Wheat,Rabi,2021-2022,4533
Rajasthan,Wheat,Rabi,2021-2022,3676
Bihar,Wheat,Rabi,2021-2022,2780
Gujarat,Wheat,Rabi,2021-2022,3206
Maharashtra,Wheat,Rabi,2021-2022,2117
Karnataka,Cereals,Kharif,2021-2022,2253
Rajasthan,Cereals,Kharif,2021-2022,1280
Maharashtra,Cereals,Kharif,2021-2022,1621
Madhya Pradesh,Cereals,Kharif,2021-2022,2931
Uttar Pradesh,Cereals,Kharif,2021-2022,2169
Tamilnadu,Cereals,Kharif,2021-2022,3672
West Bengal,Cereals,Kharif,2021-2022,7028
Bihar,Cereals,Kharif,2021-2022,3750
Andhra Pradesh,Cereals,Kharif,2021-2022,4835
Maharashtra,Jowar,Kharif,2021-2022,1038
Karnataka,Jowar,Kharif,2021-2022,1204
Rajasthan,Jowar,Kharif,2021-2022,864
Tamilnadu,Jowar,Kharif,2021-2022,735
Uttar Pradesh,Jowar,Kharif,2021-2022,1578
Andhra Pradesh,Jowar,Kharif,2021-2022,3166
Madhya Pradesh,Jowar,Kharif,2021-2022,1941
Gujarat,Jowar,Kharif,2021-2022,1346
Haryana,Jowar,Kharif,2021-2022,527
Rajasthan,Bajra,Kharif,2021-2022,1004
Uttar Pradesh,Bajra,Kharif,2021-2022,2156
Haryana,Bajra,Kharif,2021-2022,2318
Gujarat,Bajra,Kharif,2021-2022,2368
Madhya Pradesh,Bajra,Kharif,2021-2022,2533
Maharashtra,Bajra,Kharif,2021-2022,903
Karnataka,Bajra,Kharif,2021-2022,1161
Karnataka,Maize,Kharif,2021-2022,3279
Madhya Pradesh,Maize,Kharif,2021-2022,3256
Maharashtra,Maize,Kharif,2021-2022,2730
Tamilnadu,Maize,Kharif,2021-2022,7008
West Bengal,Maize,Kharif,2021-2022,7158
Bihar,Maize,Kharif,2021-2022,3809
Andhra Pradesh,Maize,Kharif,2021-2022,5990
Rajasthan,Maize,Kharif,2021-2022,2149
Maharashtra,Gram,Rabi,2021-2022,1156
Madhya Pradesh,Gram,Rabi,2021-2022,1495
Rajasthan,Gram,Rabi,2021-2022,1177
Gujarat,Gram,Rabi,2021-2022,1908
Uttar Pradesh,Gram,Rabi,2021-2022,1250
Andhra Pradesh,Gram,Rabi,2021-2022,1105
Karnataka,Gram,Rabi,2021-2022,689
Jharkhand,Gram,Rabi,2021-2022,1185
Chhattisgarh,Gram,Rabi,2021-2022,725
Maharashtra,Arhar,Kharif,2021-2022,1023
Karnataka,Arhar,Kharif,2021-2022,666
Uttar Pradesh,Arhar,Kharif,2021-2022,1196
Madhya Pradesh,Arhar,Kharif,2021-2022,936
Gujarat,Arhar,Kharif,2021-2022,1160
Jharkhand,Arhar,Kharif,2021-2022,1129
Odisha,Arhar,Kharif,2021-2022,1036
Uttar Pradesh,Masur,Rabi,2021-2022,944
Madhya Pradesh,Masur,Rabi,2021-2022,899
West Bengal,Masur,Rabi,2021-2022,900
Bihar,Masur,Rabi,2021-2022,850
Jharkhand,Masur,Rabi,2021-2022,880
Rajasthan,Masur,Rabi,2021-2022,1321
Gujarat,Groundnut,Kharif,2021-2022,2262
Rajasthan,Groundnut,Kharif,2021-2022,2131
Tamilnadu,Groundnut,Kharif,2021-2022,2553
Madhya Pradesh,Groundnut,Kharif,2021-2022,1722
Karnataka,Groundnut,Kharif,2021-2022,863
Andhra Pradesh,Groundnut,Kharif,2021-2022,630
Maharashtra,Groundnut,Kharif,2021-2022,1273
Rajasthan,Mustard,Rabi,2021-2022,1627
Madhya Pradesh,Mustard,Rabi,2021-2022,1376
Haryana,Mustard,Rabi,2021-2022,1914
Uttar Pradesh,Mustard,Rabi,2021-2022,1370
West Bengal,Mustard,Rabi,2021-2022,1250
Gujarat,Mustard,Rabi,2021-2022,1996
Jharkhand,Mustard,Rabi,2021-2022,819
Assam,Mustard,Rabi,2021-2022,636
Maharashtra,Soyabean,Kharif,2021-2022,1168
Madhya Pradesh,Soyabean,Kharif,2021-2022,978
Rajasthan,Soyabean,Kharif,2021-2022,801
Karnataka,Soyabean,Kharif,2021-2022,1152
Gujarat,Soyabean,Kharif,2021-2022,1631
Karnataka,Sunflower,Kharif,2021-2022,842
Odisha,Sunflower,Kharif,2021-2022,1245
Haryana,Sunflower,Kharif,2021-2022,1926
Maharashtra,Sunflower,Kharif,2021-2022,531
Andhra Pradesh,Sunflower,Kharif,2021-2022,602
Gujarat,Cotton,Kharif,2021-2022,557
Maharashtra,Cotton,Kharif,2021-2022,306
Rajasthan,Cotton,Kharif,2021-2022,558
Karnataka,Cotton,Kharif,2021-2022,497
Andhra Pradesh,Cotton,Kharif,2021-2022,524
Madhya Pradesh,Cotton,Kharif,2021-2022,431
Haryana,Cotton,Kharif,2021-2022,352
West Bengal,Jute,Kharif,2021-2022,2900
Assam,Jute,Kharif,2021-2022,2117
Bihar,Jute,Kharif,2021-2022,2354
Uttar Pradesh,Sugarcane,Kharif,2021-2022,81500
Maharashtra,Sugarcane,Kharif,2021-2022,89700
Karnataka,Sugarcane,Kharif,2021-2022,96000
Gujarat,Sugarcane,Kharif,2021-2022,78307
Tamilnadu,Sugarcane,Kharif,2021-2022,105860
Bihar,Sugarcane,Kharif,2021-2022,57131
Haryana,Sugarcane,Kharif,2021-2022,81231
Punjab,Sugarcane,Kharif,2021-2022,82051
Madhya Pradesh,Sugarcane,Kharif,2021-2022,57840
Andhra Pradesh,Sugarcane,Kharif,2021-2022,77748
Gujarat,Tobacco,Rabi,2021-2022,2324
Andhra Pradesh,Tobacco,Rabi,2021-2022,2386
Uttar Pradesh,Tobacco,Rabi,2021-2022,4361
Karnataka,Tobacco,Rabi,2021-2022,829
West Bengal,Tobacco,Rabi,2021-2022,1370
Bihar,Tobacco,Rabi,2021-2022,1754
West Bengal,Rice,Kharif,2020-2021,2984
Uttar Pradesh,Rice,Kharif,2020-2021,2759
Punjab,Rice,Kharif,2020-2021,4366
Odisha,Rice,Kharif,2020-2021,2173
Andhra Pradesh,Rice,Kharif,2020-2021,3395
Tamilnadu,Rice,Kharif,2020-2021,3574
Chhattisgarh,Rice,Kharif,2020-2021,1889
Bihar,Rice,Kharif,2020-2021,2276
Assam,Rice,Kharif,2020-2021,2224
Uttar Pradesh,Wheat,Rabi,2020-2021,3604
Madhya Pradesh,Wheat,Rabi,2020-2021,2758
Punjab,Wheat,Rabi,2020-2021,4862
Haryana,Wheat,Rabi,2020-2021,4836
Rajasthan,Wheat,Rabi,2020-2021,3676
Bihar,Wheat,Rabi,2020-2021,2855
Gujarat,Wheat,Rabi,2020-2021,3204
Maharashtra,Wheat,Rabi,2020-2021,1782
Rajasthan,Cereals,Kharif,2020-2021,1355
Karnataka,Cereals,Kharif,2020-2021,2243
Maharashtra,Cereals,Kharif,2020-2021,1540
Madhya Pradesh,Cereals,Kharif,2020-2021,2309
Uttar Pradesh,Cereals,Kharif,2020-2021,2266
Tamilnadu,Cereals,Kharif,2020-2021,3721
West Bengal,Cereals,Kharif,2020-2021,6563
Andhra Pradesh,Cereals,Kharif,2020-2021,4805
Bihar,Cereals,Kharif,2020-2021,3367
Gujarat,Cereals,Kharif,2020-2021,1906
Haryana,Cereals,Kharif,2020-2021,2300
Maharashtra,Jowar,Kharif,2020-2021,911
Karnataka,Jowar,Kharif,2020-2021,1187
Rajasthan,Jowar,Kharif,2020-2021,1055
Tamilnadu,Jowar,Kharif,2020-2021,1096
Andhra Pradesh,Jowar,Kharif,2020-2021,3070
Uttar Pradesh,Jowar,Kharif,2020-2021,1578
Madhya Pradesh,Jowar,Kharif,2020-2021,1636
Rajasthan,Bajra,Kharif,2020-2021,1049
Uttar Pradesh,Bajra,Kharif,2020-2021,2221
Haryana,Bajra,Kharif,2020-2021,2372
Gujarat,Bajra,Kharif,2020-2021,2192
Madhya Pradesh,Bajra,Kharif,2020-2021,2256
Maharashtra,Bajra,Kharif,2020-2021,1003
Karnataka,Bajra,Kharif,2020-2021,1303
Karnataka,Maize,Kharif,2020-2021,3092
Madhya Pradesh,Maize,Kharif,2020-2021,2451
Maharashtra,Maize,Kharif,2020-2021,3000
Tamilnadu,Maize,Kharif,2020-2021,6820
West Bengal,Maize,Kharif,2020-2021,6702
Rajasthan,Maize,Kharif,2020-2021,2281
Bihar,Maize,Kharif,2020-2021,3427
Andhra Pradesh,Maize,Kharif,2020-2021,6438
Uttar Pradesh,Maize,Kharif,2020-2021,2331
Madhya Pradesh,Gram,Rabi,2020-2021,1488
Maharashtra,Gram,Rabi,2020-2021,1105
Rajasthan,Gram,Rabi,2020-2021,1099
Gujarat,Gram,Rabi,2020-2021,1568
Uttar Pradesh,Gram,Rabi,2020-2021,1376
Andhra Pradesh,Gram,Rabi,2020-2021,1135
Karnataka,Gram,Rabi,2020-2021,700
Jharkhand,Gram,Rabi,2020-2021,1257
Chhattisgarh,Gram,Rabi,2020-2021,887
Maharashtra,Arhar,Kharif,2020-2021,1035
Karnataka,Arhar,Kharif,2020-2021,759
Uttar Pradesh,Arhar,Kharif,2020-2021,988
Jharkhand,Arhar,Kharif,2020-2021,1138
Madhya Pradesh,Arhar,Kharif,2020-2021,1134
Gujarat,Arhar,Kharif,2020-2021,1104
Odisha,Arhar,Kharif,2020-2021,953
Madhya Pradesh,Masur,Rabi,2020-2021,1139
Uttar Pradesh,Masur,Rabi,2020-2021,988
West Bengal,Masur,Rabi,2020-2021,855
Bihar,Masur,Rabi,2020-2021,868
Jharkhand,Masur,Rabi,2020-2021,886
Gujarat,Groundnut,Kharif,2020-2021,1908
Rajasthan,Groundnut,Kharif,2020-2021,2256
Tamilnadu,Groundnut,Kharif,2020-2021,2310
Andhra Pradesh,Groundnut,Kharif,2020-2021,894
Karnataka,Groundnut,Kharif,2020-2021,966
Madhya Pradesh,Groundnut,Kharif,2020-2021,1569
Maharashtra,Groundnut,Kharif,2020-2021,1294
Rajasthan,Mustard,Rabi,2020-2021,1659
Madhya Pradesh,Mustard,Rabi,2020-2021,1713
Haryana,Mustard,Rabi,2020-2021,2027
Uttar Pradesh,Mustard,Rabi,2020-2021,1412
West Bengal,Mustard,Rabi,2020-2021,1215
Gujarat,Mustard,Rabi,2020-2021,1976
Jharkhand,Mustard,Rabi,2020-2021,823
Assam,Mustard,Rabi,2020-2021,633
Maharashtra,Soyabean,Kharif,2020-2021,1423
Madhya Pradesh,Soyabean,Kharif,2020-2021,710
Rajasthan,Soyabean,Kharif,2020-2021,969
Karnataka,Soyabean,Kharif,2020-2021,1212
Gujarat,Soyabean,Kharif,2020-2021,1361
Karnataka,Sunflower,Kharif,2020-2021,883
Haryana,Sunflower,Kharif,2020-2021,1920
Odisha,Sunflower,Kharif,2020-2021,1218
Maharashtra,Sunflower,Kharif,2020-2021,570
Bihar,Sunflower,Kharif,2020-2021,1433
Maharashtra,Cotton,Kharif,2020-2021,380
Gujarat,Cotton,Kharif,2020-2021,544
Rajasthan,Cotton,Kharif,2020-2021,675
Karnataka,Cotton,Kharif,2020-2021,481
Haryana,Cotton,Kharif,2020-2021,419
Madhya Pradesh,Cotton,Kharif,2020-2021,530
Andhra Pradesh,Cotton,Kharif,2020-2021,450
West Bengal,Jute,Kharif,2020-2021,2643
Bihar,Jute,Kharif,2020-2021,3172
Assam,Jute,Kharif,2020-2021,2108
Uttar Pradesh,Sugarcane,Kharif,2020-2021,81500
Maharashtra,Sugarcane,Kharif,2020-2021,88900
Karnataka,Sugarcane,Kharif,2020-2021,95000
Gujarat,Sugarcane,Kharif,2020-2021,73687
Tamilnadu,Sugarcane,Kharif,2020-2021,102730
Bihar,Sugarcane,Kharif,2020-2021,48918
Haryana,Sugarcane,Kharif,2020-2021,86179
Punjab,Sugarcane,Kharif,2020-2021,83820
Madhya Pradesh,Sugarcane,Kharif,2020-2021,53450
Andhra Pradesh,Sugarcane,Kharif,2020-2021,74884
Gujarat,Tobacco,Rabi,2020-2021,2358
Andhra Pradesh,Tobacco,Rabi,2020-2021,2176
Uttar Pradesh,Tobacco,Rabi,2020-2021,2800
Karnataka,Tobacco,Rabi,2020-2021,922
West Bengal,Tobacco,Rabi,2020-2021,1350
Bihar,Tobacco,Rabi,2020-2021,1756
West Bengal,Rice,Kharif,2019-2020,2851
Uttar Pradesh,Rice,Kharif,2019-2020,2704
Punjab,Rice,Kharif,2019-2020,4035
Andhra Pradesh,Rice,Kharif,2019-2020,3770
Odisha,Rice,Kharif,2019-2020,2068
Tamilnadu,Rice,Kharif,2019-2020,3764
Chhattisgarh,Rice,Kharif,2019-2020,1773
Bihar,Rice,Kharif,2019-2020,2096
Assam,Rice,Kharif,2019-2020,2243
Haryana,Rice,Kharif,2019-2020,3334
Madhya Pradesh,Rice,Kharif,2019-2020,2382
Uttar Pradesh,Wheat,Rabi,2019-2020,3432
Madhya Pradesh,Wheat,Rabi,2019-2020,2993
Punjab,Wheat,Rabi,2019-2020,5008
Haryana,Wheat,Rabi,2019-2020,4687
Rajasthan,Wheat,Rabi,2019-2020,3501
Bihar,Wheat,Rabi,2019-2020,2626
Gujarat,Wheat,Rabi,2019-2020,3155
Maharashtra,Wheat,Rabi,2019-2020,1657
West Bengal,Wheat,Rabi,2019-2020,3100
Rajasthan,Cereals,Kharif,2019-2020,1188
Karnataka,Cereals,Kharif,2019-2020,2063
Madhya Pradesh,Cereals,Kharif,2019-2020,2618
Maharashtra,Cereals,Kharif,2019-2020,1090
Uttar Pradesh,Cereals,Kharif,2019-2020,2252
Tamilnadu,Cereals,Kharif,2019-2020,3466
Andhra Pradesh,Cereals,Kharif,2019-2020,4771
Bihar,Cereals,Kharif,2019-2020,3008
Gujarat,Cereals,Kharif,2019-2020,1904
West Bengal,Cereals,Kharif,2019-2020,5328
Haryana,Cereals,Kharif,2019-2020,2031
Maharashtra,Jowar,Kharif,2019-2020,826
Karnataka,Jowar,Kharif,2019-2020,1268
Tamilnadu,Jowar,Kharif,2019-2020,1048
Rajasthan,Jowar,Kharif,2019-2020,709
Andhra Pradesh,Jowar,Kharif,2019-2020,2377
Uttar Pradesh,Jowar,Kharif,2019-2020,1349
Madhya Pradesh,Jowar,Kharif,2019-2020,1494
Gujarat,Jowar,Kharif,2019-2020,1369
Rajasthan,Bajra,Kharif,2019-2020,1093
Uttar Pradesh,Bajra,Kharif,2019-2020,2115
Haryana,Bajra,Kharif,2019-2020,2068
Gujarat,Bajra,Kharif,2019-2020,2098
Madhya Pradesh,Bajra,Kharif,2019-2020,2219
Maharashtra,Bajra,Kharif,2019-2020,767
Karnataka,Bajra,Kharif,2019-2020,1167
Karnataka,Maize,Kharif,2019-2020,2839
Madhya Pradesh,Maize,Kharif,2019-2020,2921
Tamilnadu,Maize,Kharif,2019-2020,7036
Maharashtra,Maize,Kharif,2019-2020,1767
Andhra Pradesh,Maize,Kharif,2019-2020,6764
Bihar,Maize,Kharif,2019-2020,3083
Uttar Pradesh,Maize,Kharif,2019-2020,2448
West Bengal,Maize,Kharif,2019-2020,5476
Rajasthan,Maize,Kharif,2019-2020,1355
Rajasthan,Gram,Rabi,2019-2020,1080
Maharashtra,Gram,Rabi,2019-2020,1119
Madhya Pradesh,Gram,Rabi,2019-2020,1288
Uttar Pradesh,Gram,Rabi,2019-2020,1371
Karnataka,Gram,Rabi,2019-2020,789
Gujarat,Gram,Rabi,2019-2020,1574
Andhra Pradesh,Gram,Rabi,2019-2020,1206
Jharkhand,Gram,Rabi,2019-2020,1202
Karnataka,Arhar,Kharif,2019-2020,708
Maharashtra,Arhar,Kharif,2019-2020,880
Uttar Pradesh,Arhar,Kharif,2019-2020,980
Jharkhand,Arhar,Kharif,2019-2020,1049
Gujarat,Arhar,Kharif,2019-2020,1132
Madhya Pradesh,Arhar,Kharif,2019-2020,926
Odisha,Arhar,Kharif,2019-2020,1124
Andhra Pradesh,Arhar,Kharif,2019-2020,482
Uttar Pradesh,Masur,Rabi,2019-2020,978
Madhya Pradesh,Masur,Rabi,2019-2020,837
West Bengal,Masur,Rabi,2019-2020,950
Bihar,Masur,Rabi,2019-2020,793
Jharkhand,Masur,Rabi,2019-2020,867
Gujarat,Groundnut,Kharif,2019-2020,2749
Rajasthan,Groundnut,Kharif,2019-2020,2191
Tamilnadu,Groundnut,Kharif,2019-2020,2840
Andhra Pradesh,Groundnut,Kharif,2019-2020,1282
Karnataka,Groundnut,Kharif,2019-2020,1180
Madhya Pradesh,Groundnut,Kharif,2019-2020,1587
Maharashtra,Groundnut,Kharif,2019-2020,1149
Rajasthan,Mustard,Rabi,2019-2020,1431
Haryana,Mustard,Rabi,2019-2020,1793
Uttar Pradesh,Mustard,Rabi,2019-2020,1260
Madhya Pradesh,Mustard,Rabi,2019-2020,1354
West Bengal,Mustard,Rabi,2019-2020,1250
Gujarat,Mustard,Rabi,2019-2020,2001
Assam,Mustard,Rabi,2019-2020,773
Jharkhand,Mustard,Rabi,2019-2020,642
Bihar,Mustard,Rabi,2019-2020,1187
Punjab,Mustard,Rabi,2019-2020,849
Madhya Pradesh,Soyabean,Kharif,2019-2020,831
Maharashtra,Soyabean,Kharif,2019-2020,1138
Rajasthan,Soyabean,Kharif,2019-2020,469
Karnataka,Soyabean,Kharif,2019-2020,1137
Gujarat,Soyabean,Kharif,2019-2020,1319
Karnataka,Sunflower,Kharif,2019-2020,785
Odisha,Sunflower,Kharif,2019-2020,1068
Bihar,Sunflower,Kharif,2019-2020,1427
Haryana,Sunflower,Kharif,2019-2020,1743
West Bengal,Sunflower,Kharif,2019-2020,1221
Andhra Pradesh,Sunflower,Kharif,2019-2020,934
Gujarat,Cotton,Kharif,2019-2020,530
Maharashtra,Cotton,Kharif,2019-2020,260
Rajasthan,Cotton,Kharif,2019-2020,623
Andhra Pradesh,Cotton,Kharif,2019-2020,649
Haryana,Cotton,Kharif,2019-2020,584
Punjab,Cotton,Kharif,2019-2020,810
Karnataka,Cotton,Kharif,2019-2020,416
West Bengal,Jute,Kharif,2019-2020,2802
Bihar,Jute,Kharif,2019-2020,2489
Assam,Jute,Kharif,2019-2020,2010
Uttar Pradesh,Sugarcane,Kharif,2019-2020,80807
Maharashtra,Sugarcane,Kharif,2019-2020,78650
Karnataka,Sugarcane,Kharif,2019-2020,79000
Bihar,Sugarcane,Kharif,2019-2020,56981
Tamilnadu,Sugarcane,Kharif,2019-2020,101500
Gujarat,Sugarcane,Kharif,2019-2020,71287
Haryana,Sugarcane,Kharif,2019-2020,80978
Punjab,Sugarcane,Kharif,2019-2020,79515
Madhya Pradesh,Sugarcane,Kharif,2019-2020,59470
Andhra Pradesh,Sugarcane,Kharif,2019-2020,78720
Gujarat,Tobacco,Rabi,2019-2020,1869
Andhra Pradesh,Tobacco,Rabi,2019-2020,1591
Karnataka,Tobacco,Rabi,2019-2020,855
Uttar Pradesh,Tobacco,Rabi,2019-2020,2154
West Bengal,Tobacco,Rabi,2019-2020,1488
Bihar,Tobacco,Rabi,2019-2020,1751
West Bengal,Rice,Kharif,2018-2019,2906
Uttar Pradesh,Rice,Kharif,2018-2019,2704
Punjab,Rice,Kharif,2018-2019,4132
Andhra Pradesh,Rice,Kharif,2018-2019,3733
Odisha,Rice,Kharif,2018-2019,1972
Chhattisgarh,Rice,Kharif,2018-2019,1810
Tamilnadu,Rice,Kharif,2018-2019,3748
Bihar,Rice,Kharif,2018-2019,1902
Assam,Rice,Kharif,2018-2019,2086
Haryana,Rice,Kharif,2018-2019,3121
Madhya Pradesh,Rice,Kharif,2018-2019,2270
Uttar Pradesh,Wheat,Rabi,2018-2019,3432
Punjab,Wheat,Rabi,2018-2019,5183
Madhya Pradesh,Wheat,Rabi,2018-2019,2802
Haryana,Wheat,Rabi,2018-2019,4925
Rajasthan,Wheat,Rabi,2018-2019,3501
Bihar,Wheat,Rabi,2018-2019,2922
Gujarat,Wheat,Rabi,2018-2019,3010
Maharashtra,Wheat,Rabi,2018-2019,1666
Rajasthan,Cereals,Kharif,2018-2019,1209
Karnataka,Cereals,Kharif,2018-2019,1866
Madhya Pradesh,Cereals,Kharif,2018-2019,2483
Uttar Pradesh,Cereals,Kharif,2018-2019,2066
Tamilnadu,Cereals,Kharif,2018-2019,3709
Maharashtra,Cereals,Kharif,2018-2019,1074
Bihar,Cereals,Kharif,2018-2019,4335
Andhra Pradesh,Cereals,Kharif,2018-2019,4052
Gujarat,Cereals,Kharif,2018-2019,1946
West Bengal,Cereals,Kharif,2018-2019,5655
Haryana,Cereals,Kharif,2018-2019,2002
Karnataka,Jowar,Kharif,2018-2019,1048
Maharashtra,Jowar,Kharif,2018-2019,617
Tamilnadu,Jowar,Kharif,2018-2019,1268
Rajasthan,Jowar,Kharif,2018-2019,832
Andhra Pradesh,Jowar,Kharif,2018-2019,2266
Madhya Pradesh,Jowar,Kharif,2018-2019,2218
Uttar Pradesh,Jowar,Kharif,2018-2019,1247
Gujarat,Jowar,Kharif,2018-2019,1265
Rajasthan,Bajra,Kharif,2018-2019,911
Uttar Pradesh,Bajra,Kharif,2018-2019,2029
Haryana,Bajra,Kharif,2018-2019,2068
Gujarat,Bajra,Kharif,2018-2019,2101
Madhya Pradesh,Bajra,Kharif,2018-2019,2458
Maharashtra,Bajra,Kharif,2018-2019,623
Karnataka,Bajra,Kharif,2018-2019,954
Karnataka,Maize,Kharif,2018-2019,2777
Madhya Pradesh,Maize,Kharif,2018-2019,2697
Bihar,Maize,Kharif,2018-2019,4451
Tamilnadu,Maize,Kharif,2018-2019,6551
Rajasthan,Maize,Kharif,2018-2019,2285
Maharashtra,Maize,Kharif,2018-2019,2032
Andhra Pradesh,Maize,Kharif,2018-2019,5861
Uttar Pradesh,Maize,Kharif,2018-2019,2090
West Bengal,Maize,Kharif,2018-2019,5780
Madhya Pradesh,Gram,Rabi,2018-2019,1344
Rajasthan,Gram,Rabi,2018-2019,1103
Maharashtra,Gram,Rabi,2018-2019,829
Uttar Pradesh,Gram,Rabi,2018-2019,1272
Karnataka,Gram,Rabi,2018-2019,525
Chhattisgarh,Gram,Rabi,2018-2019,1026
Andhra Pradesh,Gram,Rabi,2018-2019,506
Gujarat,Gram,Rabi,2018-2019,1324
Jharkhand,Gram,Rabi,2018-2019,1143
Karnataka,Arhar,Kharif,2018-2019,641
Maharashtra,Arhar,Kharif,2018-2019,566
Madhya Pradesh,Arhar,Kharif,2018-2019,1297
Gujarat,Arhar,Kharif,2018-2019,1209
Uttar Pradesh,Arhar,Kharif,2018-2019,1084
Jharkhand,Arhar,Kharif,2018-2019,1015
Odisha,Arhar,Kharif,2018-2019,1022
Tamilnadu,Arhar,Kharif,2018-2019,1152
Andhra Pradesh,Arhar,Kharif,2018-2019,181
Madhya Pradesh,Masur,Rabi,2018-2019,1145
Uttar Pradesh,Masur,Rabi,2018-2019,1026
West Bengal,Masur,Rabi,2018-2019,930
Bihar,Masur,Rabi,2018-2019,985
Jharkhand,Masur,Rabi,2018-2019,882
Rajasthan,Masur,Rabi,2018-2019,1162
Assam,Masur,Rabi,2018-2019,712
Gujarat,Groundnut,Kharif,2018-2019,1377
Rajasthan,Groundnut,Kharif,2018-2019,2053
Tamilnadu,Groundnut,Kharif,2018-2019,2620
Andhra Pradesh,Groundnut,Kharif,2018-2019,629
Karnataka,Groundnut,Kharif,2018-2019,803
Madhya Pradesh,Groundnut,Kharif,2018-2019,1570
Maharashtra,Groundnut,Kharif,2018-2019,966
West Bengal,Groundnut,Kharif,2018-2019,2797
Rajasthan,Mustard,Rabi,2018-2019,1720
Haryana,Mustard,Rabi,2018-2019,2058
Uttar Pradesh,Mustard,Rabi,2018-2019,1483
Madhya Pradesh,Mustard,Rabi,2018-2019,1422
West Bengal,Mustard,Rabi,2018-2019,1171
Gujarat,Mustard,Rabi,2018-2019,1745
Assam,Mustard,Rabi,2018-2019,660
Jharkhand,Mustard,Rabi,2018-2019,685
Bihar,Mustard,Rabi,2018-2019,1305
Punjab,Mustard,Rabi,2018-2019,1523
Madhya Pradesh,Soyabean,Kharif,2018-2019,1285
Maharashtra,Soyabean,Kharif,2018-2019,1125
Rajasthan,Soyabean,Kharif,2018-2019,1254
Karnataka,Soyabean,Kharif,2018-2019,1008
Gujarat,Soyabean,Kharif,2018-2019,1276
Karnataka,Sunflower,Kharif,2018-2019,754
Odisha,Sunflower,Kharif,2018-2019,1252
Haryana,Sunflower,Kharif,2018-2019,1645
Bihar,Sunflower,Kharif,2018-2019,1426
Andhra Pradesh,Sunflower,Kharif,2018-2019,962
Maharashtra,Cotton,Kharif,2018-2019,285
Gujarat,Cotton,Kharif,2018-2019,389
Madhya Pradesh,Cotton,Kharif,2018-2019,645
Rajasthan,Cotton,Kharif,2018-2019,548
Haryana,Cotton,Kharif,2018-2019,483
Andhra Pradesh,Cotton,Kharif,2018-2019,409
Karnataka,Cotton,Kharif,2018-2019,330
Punjab,Cotton,Kharif,2018-2019,776
West Bengal,Jute,Kharif,2018-2019,2617
Bihar,Jute,Kharif,2018-2019,2160
Assam,Jute,Kharif,2018-2019,2016
Odisha,Jute,Kharif,2018-2019,1000
Andhra Pradesh,Jute,Kharif,2018-2019,1820
Uttar Pradesh,Sugarcane,Kharif,2018-2019,80807
Maharashtra,Sugarcane,Kharif,2018-2019,79500
Karnataka,Sugarcane,Kharif,2018-2019,83000
Tamilnadu,Sugarcane,Kharif,2018-2019,98240
Gujarat,Sugarcane,Kharif,2018-2019,71971
Bihar,Sugarcane,Kharif,2018-2019,51695
Andhra Pradesh,Sugarcane,Kharif,2018-2019,79325
Punjab,Sugarcane,Kharif,2018-2019,81828
Haryana,Sugarcane,Kharif,2018-2019,80367
Madhya Pradesh,Sugarcane,Kharif,2018-2019,58950
Gujarat,Tobacco,Rabi,2018-2019,2983
Andhra Pradesh,Tobacco,Rabi,2018-2019,2169
Uttar Pradesh,Tobacco,Rabi,2018-2019,4565
Karnataka,Tobacco,Rabi,2018-2019,937
Bihar,Tobacco,Rabi,2018-2019,1757
West Bengal,Tobacco,Rabi,2018-2019,1263
West Bengal,Rice,Kharif,2017-2018,2926
Punjab,Rice,Kharif,2017-2018,4366
Uttar Pradesh,Rice,Kharif,2017-2018,2283
Andhra Pradesh,Rice,Kharif,2017-2018,3792
Bihar,Rice,Kharif,2017-2018,2409
Tamilnadu,Rice,Kharif,2017-2018,3923
Odisha,Rice,Kharif,2017-2018,1765
Assam,Rice,Kharif,2017-2018,2107
Chhattisgarh,Rice,Kharif,2017-2018,1256
Haryana,Rice,Kharif,2017-2018,3181
Madhya Pradesh,Rice,Kharif,2017-2018,2026
Uttar Pradesh,Wheat,Rabi,2017-2018,3269
Punjab,Wheat,Rabi,2017-2018,5090
Madhya Pradesh,Wheat,Rabi,2017-2018,2993
Haryana,Wheat,Rabi,2017-2018,4412
Rajasthan,Wheat,Rabi,2017-2018,3270
Bihar,Wheat,Rabi,2017-2018,2816
Gujarat,Wheat,Rabi,2017-2018,2932
Maharashtra,Wheat,Rabi,2017-2018,1761
Rajasthan,Cereals,Kharif,2017-2018,1113
Karnataka,Cereals,Kharif,2017-2018,1836
Maharashtra,Cereals,Kharif,2017-2018,1465
Madhya Pradesh,Cereals,Kharif,2017-2018,2399
Uttar Pradesh,Cereals,Kharif,2017-2018,1955
Tamilnadu,Cereals,Kharif,2017-2018,3911
Andhra Pradesh,Cereals,Kharif,2017-2018,4750
Bihar,Cereals,Kharif,2017-2018,3534
Gujarat,Cereals,Kharif,2017-2018,1864
West Bengal,Cereals,Kharif,2017-2018,4547
Haryana,Cereals,Kharif,2017-2018,1592
Maharashtra,Jowar,Kharif,2017-2018,833
Karnataka,Jowar,Kharif,2017-2018,1040
Madhya Pradesh,Jowar,Kharif,2017-2018,2112
Tamilnadu,Jowar,Kharif,2017-2018,1089
Andhra Pradesh,Jowar,Kharif,2017-2018,2150
Rajasthan,Jowar,Kharif,2017-2018,583
Uttar Pradesh,Jowar,Kharif,2017-2018,1272
Gujarat,Jowar,Kharif,2017-2018,1022
Rajasthan,Bajra,Kharif,2017-2018,886
Uttar Pradesh,Bajra,Kharif,2017-2018,1941
Gujarat,Bajra,Kharif,2017-2018,2312
Madhya Pradesh,Bajra,Kharif,2017-2018,2435
Haryana,Bajra,Kharif,2017-2018,1602
Maharashtra,Bajra,Kharif,2017-2018,903
Karnataka,Bajra,Kharif,2017-2018,1241
Karnataka,Maize,Kharif,2017-2018,2755
Maharashtra,Maize,Kharif,2017-2018,3062
Madhya Pradesh,Maize,Kharif,2017-2018,2615
Tamilnadu,Maize,Kharif,2017-2018,7744
Bihar,Maize,Kharif,2017-2018,3623
Andhra Pradesh,Maize,Kharif,2017-2018,6851
Rajasthan,Maize,Kharif,2017-2018,1884
Uttar Pradesh,Maize,Kharif,2017-2018,1981
West Bengal,Maize,Kharif,2017-2018,4805
Madhya Pradesh,Gram,Rabi,2017-2018,1280
Maharashtra,Gram,Rabi,2017-2018,892
Rajasthan,Gram,Rabi,2017-2018,1062
Karnataka,Gram,Rabi,2017-2018,570
Andhra Pradesh,Gram,Rabi,2017-2018,1125
Uttar Pradesh,Gram,Rabi,2017-2018,1156
Gujarat,Gram,Rabi,2017-2018,1253
Chhattisgarh,Gram,Rabi,2017-2018,995
Jharkhand,Gram,Rabi,2017-2018,1258
Maharashtra,Arhar,Kharif,2017-2018,873
Madhya Pradesh,Arhar,Kharif,2017-2018,1297
Karnataka,Arhar,Kharif,2017-2018,868
Gujarat,Arhar,Kharif,2017-2018,1244
Uttar Pradesh,Arhar,Kharif,2017-2018,1177
Jharkhand,Arhar,Kharif,2017-2018,1147
Odisha,Arhar,Kharif,2017-2018,897
Andhra Pradesh,Arhar,Kharif,2017-2018,427
Tamilnadu,Arhar,Kharif,2017-2018,1162
Madhya Pradesh,Masur,Rabi,2017-2018,1139
Uttar Pradesh,Masur,Rabi,2017-2018,1029
West Bengal,Masur,Rabi,2017-2018,980
Bihar,Masur,Rabi,2017-2018,926
Jharkhand,Masur,Rabi,2017-2018,868
Rajasthan,Masur,Rabi,2017-2018,1080
Assam,Masur,Rabi,2017-2018,741
Gujarat,Groundnut,Kharif,2017-2018,2343
Rajasthan,Groundnut,Kharif,2017-2018,1966
Andhra Pradesh,Groundnut,Kharif,2017-2018,1416
Tamilnadu,Groundnut,Kharif,2017-2018,2914
Karnataka,Groundnut,Kharif,2017-2018,908
Madhya Pradesh,Groundnut,Kharif,2017-2018,1558
Maharashtra,Groundnut,Kharif,2017-2018,1255
West Bengal,Groundnut,Kharif,2017-2018,2343
Rajasthan,Mustard,Rabi,2017-2018,1558
Haryana,Mustard,Rabi,2017-2018,2018
Madhya Pradesh,Mustard,Rabi,2017-2018,1305
Uttar Pradesh,Mustard,Rabi,2017-2018,1392
West Bengal,Mustard,Rabi,2017-2018,1175
Gujarat,Mustard,Rabi,2017-2018,1810
Jharkhand,Mustard,Rabi,2017-2018,732
Assam,Mustard,Rabi,2017-2018,669
Bihar,Mustard,Rabi,2017-2018,1241
Punjab,Mustard,Rabi,2017-2018,1479
Madhya Pradesh,Soyabean,Kharif,2017-2018,1062
Maharashtra,Soyabean,Kharif,2017-2018,1012
Rajasthan,Soyabean,Kharif,2017-2018,1207
Karnataka,Soyabean,Kharif,2017-2018,830
Gujarat,Soyabean,Kharif,2017-2018,788
Karnataka,Sunflower,Kharif,2017-2018,529
Bihar,Sunflower,Kharif,2017-2018,1417
Odisha,Sunflower,Kharif,2017-2018,1245
Maharashtra,Sunflower,Kharif,2017-2018,507
Andhra Pradesh,Sunflower,Kharif,2017-2018,1222
Punjab,Sunflower,Kharif,2017-2018,1842
West Bengal,Sunflower,Kharif,2017-2018,1400
Tamilnadu,Sunflower,Kharif,2017-2018,1050
Gujarat,Cotton,Kharif,2017-2018,819
Maharashtra,Cotton,Kharif,2017-2018,265
Andhra Pradesh,Cotton,Kharif,2017-2018,538
Rajasthan,Cotton,Kharif,2017-2018,551
Madhya Pradesh,Cotton,Kharif,2017-2018,527
Haryana,Cotton,Kharif,2017-2018,413
Punjab,Cotton,Kharif,2017-2018,750
Karnataka,Cotton,Kharif,2017-2018,392
West Bengal,Jute,Kharif,2017-2018,2616
Bihar,Jute,Kharif,2017-2018,2762
Assam,Jute,Kharif,2017-2018,1957
Andhra Pradesh,Jute,Kharif,2017-2018,1692
Odisha,Jute,Kharif,2017-2018,1103
Uttar Pradesh,Sugarcane,Kharif,2017-2018,79255
Maharashtra,Sugarcane,Kharif,2017-2018,92166
Karnataka,Sugarcane,Kharif,2017-2018,80751
Tamilnadu,Sugarcane,Kharif,2017-2018,92002
Bihar,Sugarcane,Kharif,2017-2018,59202
Gujarat,Sugarcane,Kharif,2017-2018,66220
Haryana,Sugarcane,Kharif,2017-2018,84500
Punjab,Sugarcane,Kharif,2017-2018,83583
Andhra Pradesh,Sugarcane,Kharif,2017-2018,80283
Madhya Pradesh,Sugarcane,Kharif,2017-2018,55408
Gujarat,Tobacco,Rabi,2017-2018,2246
Andhra Pradesh,Tobacco,Rabi,2017-2018,2269
Uttar Pradesh,Tobacco,Rabi,2017-2018,4407
Karnataka,Tobacco,Rabi,2017-2018,722
West Bengal,Tobacco,Rabi,2017-2018,1700
Bihar,Tobacco,Rabi,2017-2018,1761
West Bengal,Rice,Kharif,2016-2017,2784
Punjab,Rice,Kharif,2016-2017,3998
Uttar Pradesh,Rice,Kharif,2016-2017,2295
Andhra Pradesh,Rice,Kharif,2016-2017,3540
Bihar,Rice,Kharif,2016-2017,2467
Tamilnadu,Rice,Kharif,2016-2017,1642
Odisha,Rice,Kharif,2016-2017,2160
Assam,Rice,Kharif,2016-2017,1916
Chhattisgarh,Rice,Kharif,2016-2017,2101
Haryana,Rice,Kharif,2016-2017,3213
Madhya Pradesh,Rice,Kharif,2016-2017,1847
Uttar Pradesh,Wheat,Rabi,2016-2017,3113
Punjab,Wheat,Rabi,2016-2017,4704
Madhya Pradesh,Wheat,Rabi,2016-2017,2976
Haryana,Wheat,Rabi,2016-2017,4514
Rajasthan,Wheat,Rabi,2016-2017,3175
Bihar,Wheat,Rabi,2016-2017,2427
Gujarat,Wheat,Rabi,2016-2017,2751
Maharashtra,Wheat,Rabi,2016-2017,1474
Rajasthan,Cereals,Kharif,2016-2017,1134
Karnataka,Cereals,Kharif,2016-2017,1661
Maharashtra,Cereals,Kharif,2016-2017,1262
Madhya Pradesh,Cereals,Kharif,2016-2017,2285
Uttar Pradesh,Cereals,Kharif,2016-2017,1947
Tamilnadu,Cereals,Kharif,2016-2017,1873
Andhra Pradesh,Cereals,Kharif,2016-2017,4385
Bihar,Cereals,Kharif,2016-2017,3649
Gujarat,Cereals,Kharif,2016-2017,1884
West Bengal,Cereals,Kharif,2016-2017,4090
Haryana,Cereals,Kharif,2016-2017,1924
Maharashtra,Jowar,Kharif,2016-2017,711
Karnataka,Jowar,Kharif,2016-2017,892
Madhya Pradesh,Jowar,Kharif,2016-2017,1721
Tamilnadu,Jowar,Kharif,2016-2017,573
Andhra Pradesh,Jowar,Kharif,2016-2017,2041
Rajasthan,Jowar,Kharif,2016-2017,603
Uttar Pradesh,Jowar,Kharif,2016-2017,1000
Gujarat,Jowar,Kharif,2016-2017,1415
Rajasthan,Bajra,Kharif,2016-2017,1001
Uttar Pradesh,Bajra,Kharif,2016-2017,1914
Gujarat,Bajra,Kharif,2016-2017,2160
Madhya Pradesh,Bajra,Kharif,2016-2017,2431
Haryana,Bajra,Kharif,2016-2017,2017
Maharashtra,Bajra,Kharif,2016-2017,955
Karnataka,Bajra,Kharif,2016-2017,1054
Karnataka,Maize,Kharif,2016-2017,2419
Maharashtra,Maize,Kharif,2016-2017,3009
Madhya Pradesh,Maize,Kharif,2016-2017,2602
Tamilnadu,Maize,Kharif,2016-2017,3026
Bihar,Maize,Kharif,2016-2017,3762
Andhra Pradesh,Maize,Kharif,2016-2017,6612
Rajasthan,Maize,Kharif,2016-2017,1501
Uttar Pradesh,Maize,Kharif,2016-2017,2064
West Bengal,Maize,Kharif,2016-2017,4367
Madhya Pradesh,Gram,Rabi,2016-2017,1100
Maharashtra,Gram,Rabi,2016-2017,891
Rajasthan,Gram,Rabi,2016-2017,911
Karnataka,Gram,Rabi,2016-2017,590
Andhra Pradesh,Gram,Rabi,2016-2017,960
Uttar Pradesh,Gram,Rabi,2016-2017,1114
Gujarat,Gram,Rabi,2016-2017,1116
Chhattisgarh,Gram,Rabi,2016-2017,1171
Jharkhand,Gram,Rabi,2016-2017,1174
Maharashtra,Arhar,Kharif,2016-2017,1042
Madhya Pradesh,Arhar,Kharif,2016-2017,1133
Karnataka,Arhar,Kharif,2016-2017,749
Gujarat,Arhar,Kharif,2016-2017,1156
Uttar Pradesh,Arhar,Kharif,2016-2017,1074
Jharkhand,Arhar,Kharif,2016-2017,1002
Odisha,Arhar,Kharif,2016-2017,884
Andhra Pradesh,Arhar,Kharif,2016-2017,380
Tamilnadu,Arhar,Kharif,2016-2017,655
Madhya Pradesh,Masur,Rabi,2016-2017,846
Uttar Pradesh,Masur,Rabi,2016-2017,761
West Bengal,Masur,Rabi,2016-2017,976
Bihar,Masur,Rabi,2016-2017,1005
Jharkhand,Masur,Rabi,2016-2017,864
Rajasthan,Masur,Rabi,2016-2017,1003
Assam,Masur,Rabi,2016-2017,658
Gujarat,Groundnut,Kharif,2016-2017,1795
Rajasthan,Groundnut,Kharif,2016-2017,2051
Andhra Pradesh,Groundnut,Kharif,2016-2017,595
Tamilnadu,Groundnut,Kharif,2016-2017,2084
Karnataka,Groundnut,Kharif,2016-2017,629
Madhya Pradesh,Groundnut,Kharif,2016-2017,1482
Maharashtra,Groundnut,Kharif,2016-2017,1184
West Bengal,Groundnut,Kharif,2016-2017,2279
Rajasthan,Mustard,Rabi,2016-2017,1422
Haryana,Mustard,Rabi,2016-2017,1853
Madhya Pradesh,Mustard,Rabi,2016-2017,1299
Uttar Pradesh,Mustard,Rabi,2016-2017,1245
West Bengal,Mustard,Rabi,2016-2017,1077
Gujarat,Mustard,Rabi,2016-2017,1711
Jharkhand,Mustard,Rabi,2016-2017,728
Assam,Mustard,Rabi,2016-2017,644
Bihar,Mustard,Rabi,2016-2017,1180
Punjab,Mustard,Rabi,2016-2017,1413
Madhya Pradesh,Soyabean,Kharif,2016-2017,1231
Maharashtra,Soyabean,Kharif,2016-2017,1194
Rajasthan,Soyabean,Kharif,2016-2017,1072
Karnataka,Soyabean,Kharif,2016-2017,745
Gujarat,Soyabean,Kharif,2016-2017,717
Karnataka,Sunflower,Kharif,2016-2017,445
Bihar,Sunflower,Kharif,2016-2017,1428
Odisha,Sunflower,Kharif,2016-2017,1191
Maharashtra,Sunflower,Kharif,2016-2017,594
Andhra Pradesh,Sunflower,Kharif,2016-2017,1000
Punjab,Sunflower,Kharif,2016-2017,1655
West Bengal,Sunflower,Kharif,2016-2017,1312
Tamilnadu,Sunflower,Kharif,2016-2017,392
Gujarat,Cotton,Kharif,2016-2017,612
Maharashtra,Cotton,Kharif,2016-2017,475
Andhra Pradesh,Cotton,Kharif,2016-2017,563
Rajasthan,Cotton,Kharif,2016-2017,506
Madhya Pradesh,Cotton,Kharif,2016-2017,582
Haryana,Cotton,Kharif,2016-2017,609
Punjab,Cotton,Kharif,2016-2017,615
Karnataka,Cotton,Kharif,2016-2017,337
West Bengal,Jute,Kharif,2016-2017,2803
Bihar,Jute,Kharif,2016-2017,2626
Assam,Jute,Kharif,2016-2017,1885
Andhra Pradesh,Jute,Kharif,2016-2017,1620
Odisha,Jute,Kharif,2016-2017,826
Uttar Pradesh,Sugarcane,Kharif,2016-2017,64893
Maharashtra,Sugarcane,Kharif,2016-2017,82524
Karnataka,Sugarcane,Kharif,2016-2017,68962
Tamilnadu,Sugarcane,Kharif,2016-2017,86995
Bihar,Sugarcane,Kharif,2016-2017,54415
Gujarat,Sugarcane,Kharif,2016-2017,70710
Haryana,Sugarcane,Kharif,2016-2017,80618
Punjab,Sugarcane,Kharif,2016-2017,81273
Andhra Pradesh,Sugarcane,Kharif,2016-2017,76019
Madhya Pradesh,Sugarcane,Kharif,2016-2017,51413
Gujarat,Tobacco,Rabi,2016-2017,1646
Andhra Pradesh,Tobacco,Rabi,2016-2017,2265
Uttar Pradesh,Tobacco,Rabi,2016-2017,4382
Karnataka,Tobacco,Rabi,2016-2017,583
West Bengal,Tobacco,Rabi,2016-2017,1681
Bihar,Tobacco,Rabi,2016-2017,1736
